str_district,imm_child_age_months,enc_age_band,enc_child_sex,imm_birth_order,imm_birth_interval,imm_first_born,imm_short_interval,imm_high_birth_order,enc_size_at_birth,enc_had_diarrhea,und_maternal_age,und_maternal_edu_years,enc_edu_level,und_maternal_weight_kg,und_maternal_height_cm,und_maternal_bmi,und_low_bmi,und_maternal_stunted,und_total_children,und_household_size,enc_wealth_index,enc_residence,enc_region,enc_district,enc_religion,district_stunting_rate,district_mean_age,district_mean_wealth,district_mean_mat_height,stunting_rate,cluster,cluster_label
neno,0.039984553614526,0.024051470109099242,0.007547831195792497,0.003024287153328389,0.0110758236680314,0.004644360771789617,0.00047618080093824025,0.0004985559977146557,0.006536373565333233,0.004206190361341325,0.006979774372012394,0.014447170293745386,0.008779753911112758,0.027748323707261525,0.05143558881893826,0.011314125350817801,0.0009132748357190662,0.001130317613721843,0.0028918224727181824,0.006847850821993479,0.012257007153078496,0.0007538027295454294,0.0017799667053595056,0.00247588762208037,0.004689382782961695,0.0408812525452214,0.0029493301367128446,0.00449742631155576,0.00416481027862088,0.45925925925925926,1,Cluster B
ntcheu,0.039143615076707196,0.027143910341047725,0.007700315230611651,0.0037965453755834946,0.013858862279822,0.0046362366387971594,0.000763445115634453,0.00046474739694481095,0.006333650772460142,0.003912947791955909,0.009587132444855647,0.014468220967900333,0.008691848650882177,0.0335420654027809,0.05340370334370856,0.013725030277257829,0.0010588287469939428,0.0007678983460686993,0.0031205758411859057,0.007344671622546829,0.011926717638733885,0.0006191200113708843,0.0017238275175144545,0.003546353550562594,0.005429480692452236,0.04276138710282749,0.005456718830672944,0.004531861557296755,0.00463301276721699,0.4444444444444444,1,Cluster B
mwanza,0.04053526420434401,0.026153057074013948,0.007927336721235018,0.0033145562922763045,0.010890479695877453,0.004837654248307516,0.0007605217015565988,0.000524471719220473,0.006421834984487453,0.0039061976601796992,0.007932170370765497,0.012575103126290335,0.007300181744797107,0.025420648103661903,0.049826963641993044,0.010831807521414107,0.0013467301542456577,0.0008470738070482898,0.0033564216749834416,0.007150325561722167,0.01135555926657478,0.0009689983726641203,0.0015184494956066727,0.003298529657426683,0.004926366549548653,0.03770474870914879,0.004132402843200309,0.0037894110483338555,0.003142177295114567,0.43356643356643354,1,Cluster B
dowa,0.04060585025306192,0.02990018402161579,0.010023900009823832,0.00387754449057486,0.012598870668504002,0.005176624627267254,0.0007453310053640415,0.0005727413285763911,0.007469313480245138,0.00341506103047427,0.009307259879902286,0.01056108092016779,0.008226105790500237,0.027783997017071713,0.049487188377328864,0.012421486033965442,0.0005817281632529774,0.0007600356923246374,0.0038332943252795846,0.007796597282604874,0.01108748221902643,0.001336520032639081,0.002405299287762909,0.004542209747720016,0.004336135379552631,0.03573263940903717,0.004949926246587106,0.004658492014643912,0.0039046141146091774,0.43283582089552236,1,Cluster B
mchinji,0.03947202605311133,0.02700338045802946,0.008018422718229053,0.003724765030131524,0.012226883167577751,0.004352367822069184,0.0006582675577477478,0.000495909518772938,0.007231808300414798,0.004576977525175535,0.010670100452745862,0.014845257179336994,0.006861040097515386,0.02995742572790504,0.050123852294758076,0.01342968455909313,0.0008422629140467946,0.0007270653608008864,0.0042654015400491315,0.008590792260502739,0.016677307811794096,0.001093386062146053,0.001903584446993235,0.004331809258562477,0.004784712674576393,0.028542916360060854,0.0073971577538336965,0.004876188515670132,0.003034038956334834,0.4295774647887324,0,Cluster A
kasungu,0.036098152054837865,0.024867795652512098,0.009139519699900074,0.004344733797283663,0.012082512302626488,0.004888085760978134,0.0007366502049155838,0.0007105907013085198,0.008267996339258085,0.006961469021089427,0.00977735040044635,0.014064590049513652,0.008893477426444559,0.02833590399465535,0.045309644496696506,0.015079426068632816,0.0008230750387905762,0.0010211644423432334,0.00453619050737803,0.008768387497927703,0.014691665764290969,0.0012377095066102213,0.001996452871074406,0.005293040117425709,0.004556184256578927,0.024856715629589278,0.008644012619804995,0.005297763793760049,0.005575618896560515,0.4207650273224044,0,Cluster A
thyolo,0.046825286579813226,0.031854609257661856,0.007226680916539166,0.0036518315184122375,0.013636290309787882,0.004050685005454657,0.0007711576705634933,0.0005204401192158749,0.007792918793819551,0.004301864222416069,0.009084148148925882,0.014442861577450252,0.006435650610077918,0.02665318885088922,0.04773515727849635,0.01356972923067825,0.0007554145560637951,0.0010965401712236022,0.003733399022169757,0.007973055496379283,0.013347266096779688,0.0007095746327598031,0.001608323765147223,0.005295714118539862,0.004617212441956748,0.023022299368482983,0.0047239798374225745,0.005095085772259813,0.009169005096036908,0.42038216560509556,1,Cluster B
chitipa,0.03755628026714197,0.025179355703217186,0.00847805533560424,0.0034876452367744747,0.01140756272898075,0.004520595946225864,0.0009956323963249694,0.0004573553841666985,0.006813282302170535,0.0029584021742663806,0.009057559040828757,0.012735477023370446,0.008050118573320617,0.03196098908625024,0.05867023755600383,0.012171508875776699,0.0008243087087264943,0.0005991264577467167,0.002969039187736396,0.007071986762189713,0.011089243345610681,0.0011404662911473171,0.0019505584982432197,0.003165657762203795,0.004193409426770028,0.025973201000868307,0.0031696178366697517,0.004700123552751245,0.002566254990569941,0.41333333333333333,1,Cluster B
zomba,0.03373393275244016,0.02230278970237914,0.009244639846572563,0.004095716955126807,0.013287898379912283,0.005268642457441343,0.0008251117011097948,0.0006858457955519521,0.0078368479808937,0.005491024156713475,0.00960071900947101,0.012190010459566311,0.005793772787376084,0.03846901858110211,0.04985955712040983,0.015328796832793442,0.001428025115020674,0.0011803529151686578,0.0041534655232368075,0.00769122430192868,0.011715251118434439,0.0005923360590852216,0.0020052627866630605,0.005894315663279237,0.00510585489294975,0.012111620050557445,0.007056642283861932,0.005624276260992348,0.003015922586226664,0.40625,0,Cluster A
phalombe,0.03451604840972543,0.02368573101681919,0.0071783482688073915,0.00407179750535561,0.013587283070293422,0.004935670768954181,0.0008066657807472752,0.0008058901594660311,0.0071511726652166065,0.0058904751023922146,0.008728526553538818,0.009694699880780458,0.004196921585318925,0.03127366970792286,0.05355766219084825,0.013459542725146349,0.001265132150687129,0.0007850986247425363,0.004420937700314784,0.008177297972030005,0.007468086787491167,0.0006647943500592023,0.0019754136746613447,0.007531023312330429,0.00632774582012994,0.011325699847652604,0.006910407687848457,0.006620292926878793,0.007181890129172821,0.4034090909090909,1,Cluster B
machinga,0.04236340084371018,0.02834502064575575,0.007810733028017144,0.004705254315599853,0.019003903714531898,0.005820593873957054,0.0008703701807068844,0.00113922886861744,0.009128819165783125,0.003858154688970158,0.012550495221436898,0.015523551779542349,0.005899429456591429,0.03458944277223085,0.05244975706401085,0.015496319316797784,0.0020525284691348153,0.000852378860200317,0.005369447883764021,0.011198526638981098,0.0113785539399311,0.0007651669269486077,0.001771106297770114,0.006094210468165376,0.006384581008337834,0.008385712631494667,0.00630980395461366,0.005448703415802661,0.004279412500767841,0.3951219512195122,2,Cluster C
chikwawa,0.039720273498353,0.02648947451630159,0.009583948675353355,0.003766999307959334,0.011721808003335584,0.004834595573366495,0.0007333074235261686,0.0006637299517311636,0.010715457446878187,0.0053777477564003005,0.009693389910976269,0.011105157151316996,0.006789800168760658,0.029900276889515354,0.0558312101139692,0.014270548578321053,0.0010356949179088338,0.0010786264701877143,0.003633994771292111,0.008046902611532868,0.007924196811667252,0.0007402326008826598,0.0019130720009758958,0.005440211521977175,0.005628664793972214,0.008976316371597053,0.008753755942826071,0.004368445113788403,0.0031881369883417984,0.39325842696629215,1,Cluster B
blantyre city,0.035965610340333035,0.024589741708290452,0.007777451770837043,0.004582321451256705,0.011621029185420868,0.00531135260746453,0.0009287020053668049,0.0006314632257694578,0.008234322972633441,0.00282356586677907,0.009555249473280547,0.013435109297622436,0.010189144496054629,0.04506139115624815,0.07023703010064088,0.01731770860267967,0.001278767773715874,0.0010946234318694038,0.003948400760856837,0.006946815463412485,0.01384545046036988,0.002464856550590636,0.0021821233963216116,0.005937409059406855,0.005903396310713182,0.008039091039794655,0.004801224368562045,0.007560532981447344,0.004359845230213724,0.38596491228070173,0,Cluster A
nsanje,0.04213457434690952,0.028306989349640387,0.007940714857686096,0.004080509348110701,0.014352876759711551,0.005162539471830047,0.001029921467266969,0.0007150881761134381,0.008839782028020913,0.00536391293970273,0.009466759973951874,0.010829554285828727,0.004432147758831005,0.03001289570888039,0.05454439336015111,0.012300087686140241,0.0011706148517926242,0.000682248134365675,0.004031401725440255,0.00805199660933469,0.008192294828174886,0.0007538282674206901,0.0019404962721577452,0.004198193948002853,0.005661591779009936,0.004337605832740403,0.004866332438156836,0.0037548563990843268,0.005492843939833077,0.38095238095238093,1,Cluster B
dedza,0.04180977393757125,0.028024186588880038,0.009081386731705965,0.0032026676742679563,0.014742643211902075,0.004002399546568396,0.001037098435564369,0.0004570139703344009,0.0109455958598347,0.005767150907849534,0.0084457949698199,0.013149904096497193,0.0061682219010683464,0.03734890409315895,0.06024215237897854,0.014345221635600031,0.0009037629573213951,0.0009317679089538872,0.0035516192056934625,0.009308140898747475,0.012170120783170663,0.0010680487434846335,0.0019589350647810843,0.005241712803121934,0.007121984460936792,0.0070610309152118805,0.005619181131642731,0.00440650462260796,0.005694553425552717,0.3717948717948718,2,Cluster C
chiradzulu,0.0449887321054015,0.028816156661541446,0.009486148283913125,0.003818501242175547,0.011447978958117054,0.005633253515991713,0.0009577914321314215,0.0004993920601944286,0.011085766480704208,0.004739703290356022,0.008162135745742007,0.01082216526933048,0.0073971858875294645,0.029040013980370646,0.059720639660944506,0.013626907533021504,0.0014403529797255628,0.0009197091902272061,0.003739513463312823,0.00653274732947257,0.008656258344157257,0.0007909403332161274,0.0018281495851389068,0.004274263557097005,0.006460541375128329,0.006837158171815945,0.005398850467003126,0.004531702040904157,0.0033081922155850188,0.3708609271523179,1,Cluster B
lilongwe,0.04646018807383203,0.03278395393761382,0.009917835466095577,0.004362022796784681,0.014760119737586473,0.005373930324078076,0.000989767587226671,0.0005717695570365355,0.010813910228462413,0.005887427166424696,0.012112014636135574,0.014042445864408414,0.005138212172392325,0.03390694466731016,0.06103909258697916,0.016209692582409636,0.001261538640132054,0.0012376008085097322,0.003905255615165184,0.008790562104960816,0.012168649891069175,0.0007200933422188948,0.002537209299636193,0.005997237119089627,0.007436674143264965,0.011494045336587915,0.006976830027889424,0.010716292323388377,0.004986048383858472,0.3563218390804598,2,Cluster C
lilongwe city,0.035452802261663904,0.022006551912196838,0.007525497974155983,0.0042886860080424685,0.014184499073733366,0.00534042952476948,0.0010714152157551664,0.0004313952691357129,0.013199977903051122,0.0037283141813877333,0.010591297259384012,0.0175304767918403,0.010399206479755478,0.038427001294484696,0.07032877118953709,0.01785386594192614,0.0007129958171447725,0.0009931509959326473,0.0029905682546686164,0.007327428346859017,0.01634550583534342,0.0024072063478754054,0.0022792083024375342,0.0047568289770024575,0.0068935536964336245,0.010347335186036515,0.006605824245645709,0.006215839724461918,0.004381081459718338,0.3524590163934426,0,Cluster A
mulanje,0.042269628830846125,0.02672510790560427,0.007259529866847223,0.004074353059251984,0.013415630030864444,0.004782589556601724,0.0010070573781143745,0.0006869883181709178,0.009721844514371726,0.005775710070483108,0.01018683680793993,0.0151781274403831,0.006623226047203042,0.04086043121003483,0.05767019142980529,0.015554129469365357,0.0013923987721046424,0.0013050055109191986,0.003479125490457767,0.0075729436376320266,0.012771166188227524,0.0008993791952851687,0.0019173356631054606,0.004737050246521508,0.005953199283959934,0.016075257677335385,0.006426483543893383,0.005982745262520386,0.008893241512842327,0.3522727272727273,0,Cluster A
mangochi,0.04411658430455753,0.032841416076516174,0.005603587772641988,0.004142262962944331,0.01847890147647875,0.0044616055181678094,0.001000553545361992,0.0007623645605656231,0.009571888969297096,0.006930567897367798,0.011373338393819743,0.012908267185950936,0.004001591086793378,0.03461677226493015,0.06291688377813667,0.015950155775366,0.0014393414089724232,0.0013368775504135465,0.0037629337580277716,0.009133343204139463,0.012046996056750645,0.001049896075868169,0.001737312548274418,0.0055113119648644675,0.0056279952289040374,0.023220656948248687,0.006979308636211714,0.006307079786949261,0.014204146782461569,0.3515981735159817,2,Cluster C
salima,0.03941878619636791,0.028175505439965845,0.007069793338449157,0.003288711201307378,0.014682997451499294,0.004327998849932744,0.0017132684481310436,0.0006973483120916811,0.010042737952337486,0.007347355286954143,0.009616130285320448,0.014524103713133778,0.005219316157584089,0.029974163475586207,0.05253452536068701,0.01273424276611498,0.001042209318399044,0.0009318237712575146,0.003669076266948591,0.008040269496456228,0.012251370822489149,0.00102454582942199,0.0023561051971735004,0.005955268622504855,0.0060837409848345765,0.02320276068162684,0.005623556723724008,0.004924702711482033,0.005493788898979915,0.3395348837209302,1,Cluster B
mzimba,0.05201201391350929,0.0343846912002448,0.007227229749371213,0.0038858344274854094,0.012862604272557735,0.00499658020134981,0.0011298122531257619,0.0006410289871752711,0.010854515636832643,0.005876135385824374,0.01113540178674744,0.014233881009583184,0.005772624601989876,0.03560632767360894,0.06227138581931869,0.015123301704407626,0.0009913545671971344,0.0011395583082618819,0.0035255377300072704,0.007920742465242407,0.013069639028169494,0.0010819822707822412,0.0031121343966090836,0.004745576917941843,0.005084103724845246,0.024588895407404044,0.008124888949817772,0.007300205554225948,0.005440834088066968,0.3385416666666667,2,Cluster C
zomba city,0.030700657338710167,0.018809331311162945,0.008089910197675554,0.003368097700371523,0.010183466965558092,0.0045036621726721425,0.0009526909918119442,0.0003826369167900933,0.006756465093441449,0.004145878813945419,0.007925270006670627,0.014107621552513131,0.00778432066394558,0.0367665981099152,0.054434458165792114,0.014283291382670859,0.0005203544560162858,0.0006929687356719064,0.0029597450470223584,0.005111967502650726,0.01770926297522293,0.002767582741278766,0.0021401514798500203,0.011587289851678655,0.006648088061419617,0.027267441386921405,0.0032408791788740778,0.004060089765044248,0.004599385709510791,0.3269230769230769,0,Cluster A
balaka,0.03579330543614574,0.027480477053903385,0.006217143389754325,0.0031116576322895604,0.016016736727004256,0.003904820656930547,0.001431660693484575,0.0005633991839143825,0.009298064859446536,0.0052397809623086575,0.009030880444018265,0.014209350991997827,0.006609657366995875,0.03863471565935043,0.05546619990688304,0.015617528397539517,0.0011852135345155018,0.0007582704340516409,0.0032161436414175027,0.007116099673737413,0.011945765006133766,0.0007985599652946671,0.0019366010687267227,0.007699172219703649,0.005253585811193808,0.032053693731057785,0.007064665167007129,0.005406294823741897,0.004630107835426852,0.31756756756756754,0,Cluster A
nkhotakota,0.03847282054843687,0.026521843938759983,0.00852491433989496,0.003924957630521638,0.014205618202641964,0.004519143133810369,0.001211084457066567,0.0005170862591523211,0.008304934187075952,0.004337627095131653,0.0096048752924377,0.012726099506815221,0.005415223777423558,0.03427554467175128,0.05275340504861202,0.013146528008466826,0.0009307947835777596,0.0008839982335710018,0.004247929161261081,0.008564805537999055,0.01194341401869121,0.0010406616935978827,0.002498337502710909,0.004684873968599987,0.005833943288873058,0.03718334474694415,0.006172516142741892,0.004375021360957813,0.0032045027860152756,0.3132530120481928,1,Cluster B
blantyre,0.03902186515130701,0.026126136770676718,0.007573083579005377,0.003873491162861954,0.014146565065791542,0.004728609856720803,0.0013428482617509046,0.0005191528182939771,0.008368785067529574,0.005090149238183497,0.009450058474799317,0.015077079666142362,0.007826821716937776,0.036982656706717076,0.05908641346140029,0.014916575547151974,0.0015917883079120516,0.0012977840415499778,0.0039437632619201,0.007965904073177684,0.01389419883516435,0.0006999971831021897,0.0015987910634965036,0.005530392832555996,0.004049573260522899,0.0391572253411287,0.005914787272350742,0.004771831099090187,0.0030727162439887793,0.3125,0,Cluster A
rumphi,0.040399431426411316,0.027268006401575208,0.006687874332513572,0.003621695588326098,0.010342458531455559,0.005227103580826863,0.0006560869540422785,0.00036564914359860074,0.00971982322836437,0.0047685121410060765,0.00941625497494774,0.013563711038075158,0.006403902248317477,0.03398295671255759,0.05879321401554449,0.010920494293222078,0.0009399742279178613,0.0016236107346144734,0.003387444789080802,0.007180947694397704,0.010175917331839692,0.0009497090557540052,0.00303963548902577,0.00486457860561555,0.0066043781836213926,0.04045926861987786,0.005631440028544352,0.0064826157239547795,0.002248616866786693,0.2875816993464052,1,Cluster B
ntchisi,0.037054590887166935,0.026547369539306063,0.00730032168895176,0.0035412261046994047,0.014644138028608799,0.004059077849611251,0.0012144346116307403,0.0004335131380954704,0.006987498906000507,0.006155096305078417,0.008324625338710328,0.011826954798058587,0.00485752629510705,0.027000336765201673,0.05179088245672232,0.009663563051494444,0.0010062433274698136,0.0009878661209543284,0.0036024227260042646,0.006878735118975543,0.012090952836687784,0.0008428767370288803,0.0020324267588984033,0.0042652666709235695,0.006518906391361206,0.04513175413799425,0.005495508040333279,0.008402392871562076,0.012591084728622796,0.28368794326241137,1,Cluster B
mzuzu city,0.03137324364800498,0.023040696900865788,0.006812866028681574,0.004740358676669522,0.01203093513775511,0.006266909579475525,0.0009210972237821278,0.0003698769085449668,0.008321309252147671,0.004314179167714098,0.011242512752981004,0.019109863410698293,0.011418428034130337,0.04199410385078909,0.062201264096939005,0.015176285880982084,0.0006255601279576378,0.001223150106903338,0.0033059300595870305,0.0070251154180632006,0.02058865902954421,0.002380435777582597,0.002434877840435622,0.00550299234066056,0.00646092046424453,0.04354456479079607,0.00671767720483087,0.005314500333270067,0.003062881124475387,0.26865671641791045,0,Cluster A
likoma,0.029158884215991998,0.019404054677398554,0.006378067686638445,0.0033616799467261556,0.011046749533899431,0.004202055433634837,0.0007972481630442541,0.0003594947208009966,0.006577977859695341,0.004241545771392553,0.00922240352021284,0.013269884386819721,0.009167673374200115,0.03861070515919084,0.05572769402300271,0.011520393029696666,0.0008402906094687124,0.0009527287779732025,0.0026661167096181087,0.007085346185249421,0.014790570978175488,0.0011760106927125881,0.002469231985675495,0.005219288784842966,0.004893825453188424,0.040828708864555974,0.009235514120888574,0.003640015296608246,0.005002069473223541,0.23129251700680273,0,Cluster A
nkhata bay,0.03644184764541295,0.024404309057295043,0.006101096520849315,0.003667150627373974,0.01151152909934574,0.004109501055851632,0.0009571408644928116,0.0004748876290304925,0.010148866337840935,0.004135767686679452,0.0095352087804434,0.013540169348313511,0.008969647214333767,0.02674945306613251,0.05638118635968166,0.010437474453675476,0.0011182052752325706,0.0010958012156541005,0.0033012797021714263,0.005592404091075219,0.012594306322945075,0.0009875535410776776,0.003144514838595981,0.005983180606028367,0.005385339945145031,0.05118354565956748,0.008460265644401499,0.008015114191203659,0.01354357297298524,0.22758620689655173,1,Cluster B
karonga,0.037446540555174775,0.026141403848538625,0.006116721263452898,0.0035704237642963303,0.012677153570746504,0.004854743592554691,0.0010015546117191098,0.0005400850782721508,0.009026993048357107,0.004326038382135052,0.010602737564059134,0.013553203976893979,0.008857437606487238,0.03588806093904661,0.05507658054755685,0.01326913183711753,0.0011446324806145037,0.0008274383312086188,0.0030696620292978037,0.007147813443484802,0.011952720098944705,0.0014783383255943126,0.0032552147065136824,0.00663566631684982,0.005182851454404585,0.049875747827017765,0.008795141324600022,0.008380344836936334,0.007446527856357884,0.21666666666666667,0,Cluster A
